{
    "ventilated_apache": 4.242752498405968,
    "age": 3.8670598149386533,
    "d1_lactate_min": 3.845200393695686,
    "urineoutput_apache": 3.014675959423957,
    "apache_3j_diagnosis": 2.351216383435119,
    "pre_icu_los_days": 2.3200469583502272,
    "aids": 1.9583056410553463,
    "d1_spo2_min": 1.9233135655257971,
    "mods_pentad_flag": 1.775313636009231,
    "elective_surgery": 1.6707372819086863,
    "gcs_eyes_apache": 1.5735403423476755,
    "d1_bun_max": 1.5198066661618008,
    "gcs_unable_apache": 1.4747956862047928,
    "d1_heartrate_max": 1.3057179324474337,
    "d1_temp_min": 1.2735965743766504,
    "d1_lactate_max": 1.2632110739089757,
    "d1_bilirubin_min": 1.2553456959028189,
    "d1_bilirubin_max": 1.2051807839653303,
    "solid_tumor_with_metastasis": 1.1439750956110462,
    "d1_wbc_min": 1.1276230157071974,
    "lymphoma": 1.1055666139538427,
    "d1_bun_min": 1.057302693459932,
    "d1_heartrate_min": 1.0029362787328813,
    "d1_inr_max": 0.9896835596210496,
    "bmi": 0.9890129213104307,
    "d1_resprate_max": 0.9778444280376464,
    "d1_sysbp_min": 0.892125828764352,
    "apache_3j_bodysystem": 0.8878481583681822,
    "leukemia": 0.8599321951137727,
    "icu_id": 0.8598557255943045,
    "d1_temp_max": 0.8274883311743164,
    "arf_apache": 0.7983158757973939,
    "d1_mbp_min": 0.7886396740649209,
    "d1_hemaglobin_min": 0.7567523311328881,
    "hospital_admit_source": 0.7542204829675883,
    "hepatic_failure": 0.6577150959916697,
    "cirrhosis": 0.613213953908258,
    "d1_albumin_min": 0.5861957585452316,
    "d1_spo2_max": 0.5826175305785577,
    "immunosuppression": 0.5692859734411548,
    "d1_hemaglobin_max": 0.569149567206228,
    "d1_resprate_min": 0.5560651644543243,
    "bilirubin_apache": 0.5527119954271807,
    "d1_pao2fio2ratio_max": 0.5470596299418451,
    "d1_inr_min": 0.5444815154760005,
    "renal_function_triad_flag": 0.5388292165219557,
    "paco2_apache": 0.5349826667156794,
    "d1_glucose_min": 0.522611439956246,
    "d1_pao2fio2ratio_min": 0.5221597119841423,
    "h1_heartrate_max": 0.4945650348918618,
    "h1_albumin_max": 0.47564259513253926,
    "h1_heartrate_min": 0.4696364983847086,
    "d1_sodium_max": 0.46531051975527105,
    "h1_spo2_min": 0.4517829567061632,
    "creatinine_apache": 0.4482324660747121,
    "h1_arterial_po2_min": 0.4475766269489875,
    "d1_wbc_max": 0.4427994769328291,
    "d1_platelets_min": 0.4408502182768454,
    "pao2_apache": 0.4390930178807033,
    "h1_calcium_max": 0.42498921896066394,
    "h1_arterial_ph_max": 0.4232375759933781,
    "h1_sysbp_invasive_max": 0.4168906258806378,
    "gcs_verbal_apache": 0.41647054555844176,
    "h1_albumin_min": 0.4128796069228798,
    "d1_arterial_pco2_min": 0.4086205084937569,
    "h1_mbp_invasive_min": 0.4069943934702899,
    "fio2_apache": 0.40565197826535027,
    "h1_bilirubin_max": 0.40531509292873974,
    "h1_lactate_min": 0.39936115232564845,
    "temp_apache": 0.39889325612323623,
    "h1_lactate_max": 0.39564309422590427,
    "h1_bilirubin_min": 0.3907496656041651,
    "h1_resprate_min": 0.38553553988396355,
    "diabetes_mellitus": 0.3855321434703222,
    "h1_pao2fio2ratio_min": 0.3838607818532635,
    "d1_creatinine_max": 0.375188873153152,
    "d1_arterial_po2_max": 0.3732305773451174,
    "d1_albumin_max": 0.37102341032594205,
    "d1_arterial_pco2_max": 0.36733596159253334,
    "h1_hco3_max": 0.3666523358095887,
    "h1_wbc_max": 0.36292455667641005,
    "d1_sysbp_invasive_max": 0.35868614196614185,
    "h1_arterial_po2_max": 0.3556820070127171,
    "wbc_apache": 0.34819862181114514,
    "h1_temp_min": 0.3473074946673297,
    "h1_temp_max": 0.3467740985992706,
    "d1_arterial_ph_max": 0.3432619508634204,
    "heart_rate_apache": 0.33794611631411864,
    "h1_mbp_noninvasive_min": 0.3340354220054053,
    "d1_hco3_max": 0.33000973485053864,
    "resprate_apache": 0.323665226378265,
    "ethnicity": 0.32241588367490426,
    "h1_pao2fio2ratio_max": 0.31856604664581273,
    "icu_stay_type": 0.3151848119279619,
    "icu_type": 0.30789611996140415,
    "d1_arterial_ph_min": 0.30787235201488383,
    "h1_calcium_min": 0.2992579449121118,
    "h1_inr_max": 0.2950130179540939,
    "h1_arterial_pco2_min": 0.29313636348140687,
    "d1_diasbp_min": 0.29277074489766575,
    "h1_hco3_min": 0.2911814968987176,
    "d1_hco3_min": 0.29026913544331495,
    "paco2_for_ph_apache": 0.2858163089374119,
    "h1_arterial_pco2_max": 0.2823710484937437,
    "h1_sysbp_invasive_min": 0.28221357230700556,
    "h1_arterial_ph_min": 0.28051706328088777,
    "h1_potassium_max": 0.27674216958609266,
    "d1_calcium_max": 0.27660442000015384,
    "apache_2_bodysystem": 0.2748914055729414,
    "h1_bun_max": 0.27442224680143956,
    "h1_hemaglobin_max": 0.2716982706857725,
    "h1_wbc_min": 0.27139231680156106,
    "h1_platelets_min": 0.2690909027550287,
    "d1_mbp_noninvasive_min": 0.26832639842347267,
    "d1_sysbp_noninvasive_max": 0.26685420021035333,
    "h1_diasbp_invasive_min": 0.2665671856199465,
    "weight": 0.26523607730752974,
    "h1_bun_min": 0.2650469106401372,
    "h1_potassium_min": 0.26439624297198144,
    "d1_diasbp_invasive_min": 0.26393212298612473,
    "h1_platelets_max": 0.2620105440494649,
    "height": 0.26141359534393327,
    "h1_hematocrit_max": 0.2607963928166741,
    "albumin_apache": 0.25737132809412067,
    "h1_inr_min": 0.25649289395620156,
    "h1_creatinine_max": 0.2562744339569255,
    "h1_creatinine_min": 0.2561817171846653,
    "d1_potassium_min": 0.25539948026264636,
    "h1_mbp_invasive_max": 0.25298710721881507,
    "h1_sodium_max": 0.25297314692109346,
    "d1_sodium_min": 0.2523951283858437,
    "ph_apache": 0.25086800625505074,
    "h1_hematocrit_min": 0.24878809724844791,
    "h1_sodium_min": 0.2484394569812959,
    "h1_glucose_min": 0.24824543077451444,
    "d1_sysbp_max": 0.2476395917751411,
    "d1_hematocrit_min": 0.24482200769632953,
    "h1_hemaglobin_min": 0.2446453908734575,
    "h1_diasbp_invasive_max": 0.24327864372245128,
    "apache_2_diagnosis": 0.24158167905179154,
    "d1_calcium_min": 0.24138186922666202,
    "d1_diasbp_invasive_max": 0.24101383542429874,
    "h1_sysbp_noninvasive_max": 0.24015182601931276,
    "d1_sysbp_invasive_min": 0.2349283549019784,
    "h1_mbp_min": 0.23491360225457136,
    "d1_glucose_max": 0.2313824237418614,
    "d1_mbp_invasive_min": 0.22824671508257705,
    "h1_sysbp_min": 0.22485884459840666,
    "d1_potassium_max": 0.2231904684147907,
    "glucose_apache": 0.22076385797822032,
    "gender": 0.2195390681205906,
    "d1_diasbp_max": 0.21826707053465344,
    "d1_platelets_max": 0.21727844725168513,
    "d1_mbp_invasive_max": 0.21693322111343322,
    "map_apache": 0.21540167544667022,
    "d1_diasbp_noninvasive_min": 0.2148605340397936,
    "d1_arterial_po2_min": 0.21335381014701468,
    "intubated_apache": 0.21284361352276793,
    "hospital_id": 0.21136003541931536,
    "d1_sysbp_noninvasive_min": 0.21127699959245802,
    "h1_diasbp_max": 0.2102075337495531,
    "d1_creatinine_min": 0.21010830979850928,
    "h1_spo2_max": 0.20601726170021256,
    "apache_post_operative": 0.2033713485482431,
    "h1_sysbp_noninvasive_min": 0.19951098310431614,
    "h1_mbp_noninvasive_max": 0.19771373182855578,
    "h1_diasbp_noninvasive_min": 0.19715183995805685,
    "h1_resprate_max": 0.19635931932360265,
    "h1_glucose_max": 0.19293871464464743,
    "hematocrit_apache": 0.19217769216953054,
    "sodium_apache": 0.19072395794493657,
    "h1_diasbp_noninvasive_max": 0.19000562308925853,
    "d1_hematocrit_max": 0.189664796829873,
    "h1_mbp_max": 0.18679541520798867,
    "h1_sysbp_max": 0.18415665016295527,
    "d1_diasbp_noninvasive_max": 0.18242502442876518,
    "bun_apache": 0.1819498998512772,
    "h1_diasbp_min": 0.17847443540062652,
    "d1_mbp_noninvasive_max": 0.1772457257492888,
    "d1_mbp_max": 0.17585456441215674,
    "icu_admit_source": 0.16885760756311433,
    "readmission_status": 0.0,
    "gcs_motor_apache": 0.0
}